symbol,company_name,year,tax,revenue,earnings,cash_only,total_debt,fixed_assets,gross_profit,total_assets,total_equity,operating_pnl,total_liabilities,current_liabilities,earnings_before_tax,cash_and_equivalents,total_cash_and_due_from_banks
AGRO.JK,PT Bank Raya Indonesia Tbk,2018,88297000000.0,718560000000,204213000000.0,,579097000000.0,,,23313671000000,4424286000000,283124000000.0,18889385000000,,292509000000,,3462400000000.0
AGRO.JK,PT Bank Raya Indonesia Tbk,2019,23137000000.0,752911000000,51061000000.0,,1244014000000.0,,,27067923000000,4481704000000,63903000000.0,22586219000000,,74198000000,,2007795000000.0
AGRO.JK,PT Bank Raya Indonesia Tbk,2020,32811000000.0,677980000000,31261000000.0,,471626000000.0,,,28015492000000,4287690000000,51940000000.0,23727802000000,,64072000000,,2286585000000.0
AGRO.JK,PT Bank Raya Indonesia Tbk,2021,-257430000000.0,932001000000,-3045701000000.0,,559529000000.0,,,16866523000000,2457663000000,-3348995000000.0,14408859000000,,-3303131000000,,1947467000000.0
AGRO.JK,PT Bank Raya Indonesia Tbk,2022,104726000000.0,714158000000,11461000000.0,,386282000000.0,,,13898775000000,3389087000000,-455082000000.0,10509688000000,,116186000000,,1937164000000.0
AGRO.JK,PT Bank Raya Indonesia Tbk,2023,104039980000.0,555213000000,,1123157140000.0,90780000.0,,,12440642240000,3420249980000,,9020392260000,,128391020000,,
AGRS.JK,PT Bank IBK Indonesia Tbk.,2018,1262000000.0,141825000000,-31122000000.0,,41796000000.0,,,4151151000000,532803000000,-67474000000.0,3618348000000,,-29860000000,,262126000000.0
AGRS.JK,PT Bank IBK Indonesia Tbk.,2019,405000000.0,174277000000,-248836000000.0,,293299000000.0,,,6421844000000,1202600000000,-281127000000.0,5219244000000,,-259120000000,,771932000000.0
AGRS.JK,PT Bank IBK Indonesia Tbk.,2020,4277000000.0,211520000000,-147673000000.0,,2995045000000.0,,,9854035000000,1899838000000,-172592000000.0,7954197000000,,-172586000000,,2047267000000.0
AGRS.JK,PT Bank IBK Indonesia Tbk.,2021,-2705000000.0,378757000000,12770000000.0,,4893026000000.0,,,14286910000000,2995582000000,10192000000.0,11291328000000,,10065000000,,3299596000000.0
AGRS.JK,PT Bank IBK Indonesia Tbk.,2022,-8302000000.0,517655000000,103454000000.0,,5581940000000.0,,,18304587000000,4168265000000,101223000000.0,14136322000000,,95152000000,,3538959000000.0
AGRS.JK,PT Bank IBK Indonesia Tbk.,2023,-6650000000.0,601261000000,,2822001000000.0,4300580000.0,,,19377403000000,5368679000000,,14008724000000,,176645000000,,
AMAR.JK,PT Bank Amar Indonesia Tbk.,2018,5970000000.0,275546000000,16291000000.0,,231681000000.0,,,1856522000000,485902000000,24158000000.0,1370620000000,,22260000000,,212849000000.0
AMAR.JK,PT Bank Amar Indonesia Tbk.,2019,20080000000.0,604583000000,61427000000.0,,457930000000.0,,,3452515000000,1078408000000,85089000000.0,2374107000000,,81507000000,,288583000000.0
AMAR.JK,PT Bank Amar Indonesia Tbk.,2020,17520000000.0,587092000000,8586000000.0,,641458000000.0,,,4057989000000,1067031000000,29282000000.0,2990958000000,,26106000000,,364966000000.0
AMAR.JK,PT Bank Amar Indonesia Tbk.,2021,-3300000000.0,599663000000,4115000000.0,,847864000000.0,,,5203045000000,1066584000000,7043000000.0,4136461000000,,815000000,,1030259000000.0
AMAR.JK,PT Bank Amar Indonesia Tbk.,2022,-47229000000.0,815795000000,-155381000000.0,,266253000000.0,,,4505046000000,3176199000000,-201627000000.0,1328846000000,,-202610000000,,291824000000.0
AMAR.JK,PT Bank Amar Indonesia Tbk.,2023,42053000000.0,1197254000000,,1079286000000.0,10010000.0,,,4379417000000,3295469000000,,1083948000000,,220025000000,,
ARTO.JK,PT Bank Jago Tbk.,2018,4936000000.0,29204000000,-23288000000.0,,24175000000.0,,,664673000000,115559000000,-18460000000.0,549114000000,,-18352000000,,123094000000.0
ARTO.JK,PT Bank Jago Tbk.,2019,3171000000.0,12635000000,-121966000000.0,,27926000000.0,,,1321057000000,681179000000,-92290000000.0,639878000000,,-118795000000,,62920000000.0
ARTO.JK,PT Bank Jago Tbk.,2020,,66499000000,-189567000000.0,,72912000000.0,,,2179873000000,1232333000000,-185731000000.0,947540000000,,-189567000000,,316571000000.0
ARTO.JK,PT Bank Jago Tbk.,2021,-76890000000.0,609270000000,86024000000.0,,63692000000.0,,,12312422000000,8249455000000,10503000000.0,4062967000000,,9134000000,,1404481000000.0
ARTO.JK,PT Bank Jago Tbk.,2022,4515000000.0,1430836000000,15913000000.0,,59680000000.0,,,16965295000000,8263757000000,12719000000.0,8701538000000,,20428000000,,1278474000000.0
ARTO.JK,PT Bank Jago Tbk.,2023,21201000000.0,1574249000000,72362000000.0,2954365000000.0,54710000.0,,,21295840000000,8356792000000,,12939048000000,,93563000000,,
BABP.JK,PT Bank MNC Internasional Tbk.,2018,22379000000.0,540981000000,57021000000.0,,740092000000.0,,,10854855000000,1429990000000,80628000000.0,9424865000000,,79400000000,,1407684000000.0
BABP.JK,PT Bank MNC Internasional Tbk.,2019,9906000000.0,552663000000,20433000000.0,,393715000000.0,,,10607879000000,1559450000000,64784000000.0,9048429000000,,30339000000,,870191000000.0
BABP.JK,PT Bank MNC Internasional Tbk.,2020,5540000000.0,533844000000,10414000000.0,,535389000000.0,,,11652904000000,1551237000000,18739000000.0,10101667000000,,15954000000,,1332921000000.0
BABP.JK,PT Bank MNC Internasional Tbk.,2021,9679000000.0,546098000000,12868000000.0,,131542000000.0,,,14015360000000,2365457000000,26361000000.0,11649903000000,,22547000000,,1701782000000.0
BABP.JK,PT Bank MNC Internasional Tbk.,2022,101556000000.0,763906000000,52505000000.0,,574374000000.0,,,16862363000000,2712334000000,156075000000.0,14150029000000,,154061000000,,2701096000000.0
BABP.JK,PT Bank MNC Internasional Tbk.,2023,43526000000.0,742028000000,77916000000.0,82833000000.0,,,,18147378000000,3587434000000,,14559944000000,,121442000000,,3659710000000.0
BACA.JK,PT Bank Capital Indonesia Tbk,2018,35573000000.0,580359000000,106500000000.0,,966277000000.0,,,18019614000000,1484963000000,157538000000.0,16534651000000,,142073000000,,4445906000000.0
BACA.JK,PT Bank Capital Indonesia Tbk,2019,8065000000.0,558166000000,15884000000.0,,1182120000000.0,,,18959622000000,1537640000000,32752000000.0,17421982000000,,23949000000,,2001702000000.0
BACA.JK,PT Bank Capital Indonesia Tbk,2020,17545000000.0,361462000000,61414000000.0,,1974306000000.0,,,20223558000000,1640391000000,81752000000.0,18583167000000,,78959000000,,3241989000000.0
BACA.JK,PT Bank Capital Indonesia Tbk,2021,13909000000.0,414584000000,34785000000.0,,1221137000000.0,,,22325883000000,2122771000000,56832000000.0,20203112000000,,48694000000,,6833177000000.0
BACA.JK,PT Bank Capital Indonesia Tbk,2022,9315000000.0,514187000000,32129000000.0,,3066384000000.0,,,20628501000000,3287537000000,57543000000.0,17340964000000,,41444000000,,3715224000000.0
BACA.JK,PT Bank Capital Indonesia Tbk,2023,28873000000.0,652483000000,101767000000.0,57210000000.0,271279999999.0,,,19259187000000,3390320000000,,15868867000000,,130640000000,,2165864000000.0
BANK.JK,PT Bank Aladin Syariah Tbk,2018,502000000.0,63421000000,-64720000000.0,,,,,661912000000,530263000000,-89765000000.0,131649000000,,-64218000000,,371129000000.0
BANK.JK,PT Bank Aladin Syariah Tbk,2019,-330000000.0,53183000000,77304000000.0,,,,,715623000000,595717000000,8556000000.0,119906000000,,76974000000,,113799000000.0
BANK.JK,PT Bank Aladin Syariah Tbk,2020,,27157000000,44868000000.0,,4000000.0,,,721397000000,641274000000,42471000000.0,80123000000,,44868000000,,53445000000.0
BANK.JK,PT Bank Aladin Syariah Tbk,2021,,36493000000,-121275000000.0,,27902000000.0,,,2173162000000,1046327000000,-119827000000.0,1126835000000,,-121275000000,,1156078000000.0
BANK.JK,PT Bank Aladin Syariah Tbk,2022,,77561000000,-264913000000.0,,707689000000.0,,,4733401000000,3143276000000,-264673000000.0,1590125000000,,-264913000000,,1818104000000.0
BANK.JK,PT Bank Aladin Syariah Tbk,2023,0.0,242126000000,-226738000000.0,1013000000.0,30420000000.0,,,7092120000000,3085241000000,,4006879000000,,-226738000000,,2189963000000.0
BBCA.JK,PT Bank Central Asia Tbk.,2018,6854404000000.0,63028090000000,25855154000000.0,,9375812000000.0,,,824787944000000,151753427000000,32512504000000.0,673034517000000,,32706064000000,,65239752000000.0
BBCA.JK,PT Bank Central Asia Tbk.,2019,7719024000000.0,71602009000000,28565053000000.0,,11011116000000.0,,,918989312000000,174143156000000,36300870000000.0,744846156000000,,36288998000000,,99639894000000.0
BBCA.JK,PT Bank Central Asia Tbk.,2020,6421398000000.0,72867812000000,27131109000000.0,,12881754000000.0,,,1075570256000000,184714709000000,33570282000000.0,890855547000000,,33568507000000,,90206272000000.0
BBCA.JK,PT Bank Central Asia Tbk.,2021,7401015000000.0,78130281000000,31422660000000.0,,12384014000000.0,,,1228344680000000,202848934000000,38921015000000.0,1025495746000000,,38841174000000,,158631551000000.0
BBCA.JK,PT Bank Central Asia Tbk.,2022,9711461000000.0,88981034000000,40735722000000.0,,10298288000000.0,,,1314731674000000,221181655000000,50482669000000.0,1093550019000000,,50467033000000,,144146172000000.0
BBCA.JK,PT Bank Central Asia Tbk.,2023,11521662000000.0,101914664000000,48639122000000.0,21701514000000.0,2371890000000.0,,,1408107010000000,242537593000000,,1165569417000000,,60179757000000,,103433719000000.0
BBHI.JK,PT Allo Bank Indonesia Tbk,2018,2348000000.0,104487000000,-123143000000.0,,246596000000.0,,,2264173000000,336482000000,-120555000000.0,1927690000000,,-120795000000,,286698000000.0
BBHI.JK,PT Allo Bank Indonesia Tbk,2019,-9870000000.0,95722000000,-36550000000.0,,217171000000.0,,,2527173000000,299766000000,-46603000000.0,2227407000000,,-46420000000,,334832000000.0
BBHI.JK,PT Allo Bank Indonesia Tbk,2020,8815000000.0,51632000000,37011000000.0,,738044000000.0,,,2586663000000,347066000000,46116000000.0,2239597000000,,45827000000,,100633000000.0
BBHI.JK,PT Allo Bank Indonesia Tbk,2021,27524000000.0,299327000000,192475000000.0,,1124940000000.0,,,4649357000000,1303271000000,220170000000.0,3346086000000,,219999000000,,177171000000.0
BBHI.JK,PT Allo Bank Indonesia Tbk,2022,82283000000.0,755674000000,270029000000.0,,37367000000.0,,,11058956000000,6411269000000,351866000000.0,4647687000000,,352312000000,,684057000000.0
BBHI.JK,PT Allo Bank Indonesia Tbk,2023,130708140000.0,1151408570000,444566130000.0,3848910000.0,25640000000.0,,,12750434570000,6885075880000,,5865358700000,,575274270000,,1849310350000.0
BBKP.JK,PT Bank KB Bukopin Tbk,2018,26365000000.0,3391928000000,189595000000.0,,9303416000000.0,,,95643923000000,8594437000000,162925000000.0,87049486000000,,216335000000,,4847314000000.0
BBKP.JK,PT Bank KB Bukopin Tbk,2019,-82955000000.0,2814040000000,216324000000.0,,8299509000000.0,,,100264248000000,8905485000000,111017000000.0,91358763000000,,133794000000,,4937609000000.0
BBKP.JK,PT Bank KB Bukopin Tbk,2020,-664760000000.0,1479130000000,-3255895000000.0,,24695037000000.0,,,79938578000000,8466442000000,-3933018000000.0,71472136000000,,-3922869000000,,3255867000000.0
BBKP.JK,PT Bank KB Bukopin Tbk,2021,-841746000000.0,1063189000000,-2282245000000.0,,18265743000000.0,,,89215674000000,13205904000000,-3080095000000.0,76009770000000,,-3144025000000,,12244684000000.0
BBKP.JK,PT Bank KB Bukopin Tbk,2022,-113152000000.0,1511373000000,-5027460000000.0,,24974224000000.0,,,89995352000000,11216605000000,-5081497000000.0,78778747000000,,-5145656000000,,16109906000000.0
BBKP.JK,PT Bank KB Bukopin Tbk,2023,-731684000000.0,1404526000000,-6034077000000.0,289184000000.0,15102080000000.0,,,84307300000000,14110163000000,,70197137000000,,-6787387000000,,5271817000000.0
BBMD.JK,PT Bank Mestika Dharma Tbk.,2018,89687000000.0,737376000000,265863000000.0,,345571000000.0,,,12093079000000,3088013000000,354520000000.0,9005066000000,,355549000000,,752586000000.0
BBMD.JK,PT Bank Mestika Dharma Tbk.,2019,83200000000.0,752343000000,247574000000.0,,276062000000.0,,,12900219000000,3480469000000,334868000000.0,9419750000000,,330774000000,,869238000000.0
BBMD.JK,PT Bank Mestika Dharma Tbk.,2020,94044000000.0,917658000000,325932000000.0,,5273000000.0,,,14159755000000,4009263000000,415733000000.0,10150493000000,,419976000000,,629124000000.0
BBMD.JK,PT Bank Mestika Dharma Tbk.,2021,145993000000.0,1016250000000,519580000000.0,,285601000000.0,,,15983152000000,4289820000000,670901000000.0,11693332000000,,665573000000,,916006000000.0
BBMD.JK,PT Bank Mestika Dharma Tbk.,2022,147331000000.0,1087196000000,523104000000.0,,747532000000.0,,,16583991000000,4552298000000,668859000000.0,12031693000000,,670435000000,,1298790000000.0
BBMD.JK,PT Bank Mestika Dharma Tbk.,2023,117978110000.0,1045517310000,417136270000.0,165845250000.0,,,,16054823610000,4903654240000,,11151169360000,,535114380000,,990157990000.0
BBNI.JK,PT Bank Negara Indonesia (Persero) Tbk,2018,4728952000000.0,51047223000000,15015118000000.0,,90868851000000.0,,,808572011000000,110373789000000,19599399000000.0,698198222000000,,19820715000000,,82928360000000.0
BBNI.JK,PT Bank Negara Indonesia (Persero) Tbk,2019,3860523000000.0,54118750000000,15384476000000.0,,74429667000000.0,,,845605208000000,125003948000000,19486623000000.0,720601260000000,,19369106000000,,92458524000000.0
BBNI.JK,PT Bank Negara Indonesia (Persero) Tbk,2020,1790711000000.0,54335728000000,3280403000000.0,,60082675000000.0,,,891337425000000,112872199000000,5231444000000.0,778465226000000,,5112153000000,,109953841000000.0
BBNI.JK,PT Bank Negara Indonesia (Persero) Tbk,2021,1573936000000.0,57077947000000,10898518000000.0,,68696385000000.0,,,964837692000000,126519977000000,12068950000000.0,838317715000000,,11852653000000,,152687392000000.0
BBNI.JK,PT Bank Negara Indonesia (Persero) Tbk,2022,4204928000000.0,61263342000000,18312054000000.0,,77040198000000.0,,,1029836868000000,140197662000000,21815803000000.0,889639206000000,,22686708000000,,145759525000000.0
BBNI.JK,PT Bank Negara Indonesia (Persero) Tbk,2023,4533510000000.0,61583542000000,20909476000000.0,11207201000000.0,46291280000000.0,,,1086663986000000,154732520000000,,931931466000000,,25639738000000,,144073360000000.0
BBRI.JK,PT Bank Rakyat Indonesia (Persero) Tbk,2018,9335208000000.0,98729001000000,32351133000000.0,,119631712000000.0,,,1296898292000000,185275331000000,35523560000000.0,1109714043000000,,41753694000000,,166922967000000.0
BBRI.JK,PT Bank Rakyat Indonesia (Persero) Tbk,2019,8950228000000.0,108387340000000,34372609000000.0,,138880741000000.0,,,1416758840000000,208784336000000,36380061000000.0,1207974504000000,,43364053000000,,202104930000000.0
BBRI.JK,PT Bank Rakyat Indonesia (Persero) Tbk,2020,8951971000000.0,130295121000000,18654753000000.0,,195651325000000.0,,,1610065344000000,229466882000000,29520730000000.0,1380598462000000,,29993406000000,,139789887000000.0
BBRI.JK,PT Bank Rakyat Indonesia (Persero) Tbk,2021,7835608000000.0,153174192000000,31066592000000.0,,167004561000000.0,,,1678097734000000,291786804000000,40509273000000.0,1386310930000000,,40992065000000,,131474664000000.0
BBRI.JK,PT Bank Rakyat Indonesia (Persero) Tbk,2022,13188494000000.0,168223027000000,51170312000000.0,,162817088000000.0,,,1865639010000000,303395317000000,64160242000000.0,1562243693000000,,64596701000000,,233531261000000.0
BBRI.JK,PT Bank Rakyat Indonesia (Persero) Tbk,2023,16004664000000.0,166475993000000,60099863000000.0,31603784000000.0,149849160000000.0,,,1965007030000000,316472142000000,,1648534888000000,,76429712000000,,192435481000000.0
BBSI.JK,PT Krom Bank Indonesia Tbk,2018,8597000000.0,53620000000,25644000000.0,,4418000000.0,,,866346000000,402093000000,34179000000.0,464253000000,,34240000000,,44978000000.0
BBSI.JK,PT Krom Bank Indonesia Tbk,2019,7434000000.0,48921000000,22262000000.0,,3912000000.0,,,955638000000,501440000000,29376000000.0,454198000000,,29696000000,,42354000000.0
BBSI.JK,PT Krom Bank Indonesia Tbk,2020,9940000000.0,65638000000,35176000000.0,,7312000000.0,,,1441234000000,1008983000000,45199000000.0,432252000000,,45116000000,,37250000000.0
BBSI.JK,PT Krom Bank Indonesia Tbk,2021,18918000000.0,106376000000,65718000000.0,,500000000.0,,,2477550000000,2074044000000,83376000000.0,403506000000,,84636000000,,116793000000.0
BBSI.JK,PT Krom Bank Indonesia Tbk,2022,21797000000.0,141619000000,74812000000.0,,,,,3313590000000,3065341000000,98645000000.0,248249000000,,96609000000,,101818000000.0
BBSI.JK,PT Krom Bank Indonesia Tbk,2023,39681690000.0,430646090000,132570190000.0,3803030000.0,,,,3638412540000,3195369480000,,443043060000,,172251880000,,155783450000.0
BBTN.JK,PT Bank Tabungan Negara (Persero) Tbk,2018,802352000000.0,11987713000000,2807923000000.0,,43088583000000.0,,,306436194000000,23840448000000,3599207000000.0,282595746000000,,3610275000000,,16661477000000.0
BBTN.JK,PT Bank Tabungan Negara (Persero) Tbk,2019,201799000000.0,10935742000000,209263000000.0,,53704528000000.0,,,311776828000000,23836195000000,529105000000.0,287940633000000,,411062000000,,16881496000000.0
BBTN.JK,PT Bank Tabungan Negara (Persero) Tbk,2020,668499000000.0,11058116000000,1602358000000.0,,50055367000000.0,,,361208406000000,19987845000000,2348712000000.0,341220561000000,,2270857000000,,32367194000000.0
BBTN.JK,PT Bank Tabungan Negara (Persero) Tbk,2021,617093000000.0,15203176000000,2376227000000.0,,43386098000000.0,,,371868311000000,21406647000000,3499634000000.0,350461664000000,,2993320000000,,40132672000000.0
BBTN.JK,PT Bank Tabungan Negara (Persero) Tbk,2022,830617000000.0,16285376000000,3045073000000.0,,42935525000000.0,,,402148312000000,25909354000000,3795744000000.0,376238958000000,,3875690000000,,40054368000000.0
BBTN.JK,PT Bank Tabungan Negara (Persero) Tbk,2023,879222000000.0,16287825000000,3500988000000.0,2127489999999.0,51333720000000.0,,,438749740000000,30479150000000,,408270580000000,,4380210000000,,50908480000001.0
BBYB.JK,PT Bank Neo Commerce Tbk.,2018,-1337000000.0,296187000000,-136988000000.0,,225030000000.0,,,4533729000000,600385000000,-132912000000.0,3933344000000,,-138325000000,,362111000000.0
BBYB.JK,PT Bank Neo Commerce Tbk.,2019,1856000000.0,231323000000,16003000000.0,,86188000000.0,,,5123735000000,945784000000,19733000000.0,4177951000000,,17858000000,,347260000000.0
BBYB.JK,PT Bank Neo Commerce Tbk.,2020,-44000000.0,180953000000,15872000000.0,,326391000000.0,,,5421324000000,1120619000000,41386000000.0,4300705000000,,15827000000,,169660000000.0
BBYB.JK,PT Bank Neo Commerce Tbk.,2021,-4131000000.0,442487000000,-986289000000.0,,97958000000.0,,,11337809000000,2889828000000,-985014000000.0,8447980000000,,-990421000000,,582697000000.0
BBYB.JK,PT Bank Neo Commerce Tbk.,2022,3117000000.0,1769739000000,-789059000000.0,,923566000000.0,,,19694280000000,3744590000000,-786575000000.0,15949690000000,,-785942000000,,1376853000000.0
BBYB.JK,PT Bank Neo Commerce Tbk.,2023,-692000000.0,3232049000000,-573180000000.0,12958000000.0,52820000000.0,,,18169541000000,3323039000000,,14846502000000,,-573872000000,,2589866000000.0
BCIC.JK,PT Bank JTrust Indonesia Tbk.,2018,-2480000000.0,459932000000,-401101000000.0,,3354812000000.0,,,17823669000000,961528000000,-355229000000.0,16862141000000,,-403581000000,,1563134000000.0
BCIC.JK,PT Bank JTrust Indonesia Tbk.,2019,-196000000.0,110522000000,49495000000.0,,3028235000000.0,,,17311597000000,1178326000000,7832000000.0,16133271000000,,49299000000,,1007018000000.0
BCIC.JK,PT Bank JTrust Indonesia Tbk.,2020,-96990000000.0,4579000000,-484441000000.0,,2367625000000.0,,,16204908000000,547730000000,-584801000000.0,15657178000000,,-581431000000,,1448967000000.0
BCIC.JK,PT Bank JTrust Indonesia Tbk.,2021,-103049000000.0,143453000000,-445423000000.0,,3716412000000.0,,,21317575000000,1469787000000,-532276000000.0,19847788000000,,-548472000000,,2839791000000.0
BCIC.JK,PT Bank JTrust Indonesia Tbk.,2022,-39374000000.0,700607000000,86621000000.0,,4958185000000.0,,,33617390000000,2724515000000,46551000000.0,30892875000000,,47247000000,,3279189000000.0
BCIC.JK,PT Bank JTrust Indonesia Tbk.,2023,-6092000000.0,1060263000000,27902000000.0,201930000000.0,573710000000.0,,,39234312000000,3759731000000,,35474581000000,,21810000000,,5931422000000.0
BDMN.JK,PT Bank Danamon Indonesia Tbk,2018,1354328000000.0,17928109000000,3427409000000.0,,24893565000000.0,,,186762189000000,41939821000000,5144157000000.0,144822368000000,,4925686000000,,10367283000000.0
BDMN.JK,PT Bank Danamon Indonesia Tbk,2019,1619447000000.0,20460156000000,3701125000000.0,,28354022000000.0,,,193533970000000,45417027000000,5487035000000.0,148116943000000,,5482009000000,,8774009000000.0
BDMN.JK,PT Bank Danamon Indonesia Tbk,2020,978134000000.0,17589501000000,1007614000000.0,,20090789000000.0,,,200890068000000,43575499000000,2135823000000.0,157314569000000,,2011296000000,,12194853000000.0
BDMN.JK,PT Bank Danamon Indonesia Tbk,2021,613092000000.0,17764864000000,1571471000000.0,,13536017000000.0,,,192207461000000,45197354000000,2300561000000.0,147010107000000,,2242348000000,,15708958000000.0
BDMN.JK,PT Bank Danamon Indonesia Tbk,2022,975000000000.0,17784283000000,3302314000000.0,,12554829000000.0,,,197729688000000,47478482000000,4461005000000.0,150251206000000,,4361438000000,,17410451000000.0
BDMN.JK,PT Bank Danamon Indonesia Tbk,2023,1035682000000.0,19093760000000,3503882000000.0,2362221000000.0,15416340000000.0,,,221304532000000,49959368000000,,171345164000000,,4693727000000,,16258500000000.0
BEKS.JK,PT Bank Pembangunan Daerah Banten Tbk.,2018,-30945000000.0,164443000000,-100131000000.0,,2011017000000.0,,,9482130000000,693398000000,-134922000000.0,8788732000000,,-131076000000,,527700000000.0
BEKS.JK,PT Bank Pembangunan Daerah Banten Tbk.,2019,-43141000000.0,129347000000,-137559000000.0,,1724657000000.0,,,8097328000000,549533000000,-180078000000.0,7547795000000,,-180700000000,,589230000000.0
BEKS.JK,PT Bank Pembangunan Daerah Banten Tbk.,2020,47438000000.0,59481000000,-308158000000.0,,1120781000000.0,,,5337281000000,1361581000000,-256132000000.0,3975700000000,,-260720000000,,442657000000.0
BEKS.JK,PT Bank Pembangunan Daerah Banten Tbk.,2021,60908000000.0,98953000000,-265176000000.0,,2133442000000.0,,,8849611000000,1891147000000,-204411000000.0,6958464000000,,-204268000000,,1801316000000.0
BEKS.JK,PT Bank Pembangunan Daerah Banten Tbk.,2022,-45353000000.0,242014000000,-239287000000.0,,925843000000.0,,,7223058000000,1641776000000,-305568000000.0,5581282000000,,-284640000000,,1208664000000.0
BEKS.JK,PT Bank Pembangunan Daerah Banten Tbk.,2023,23944000000.0,273638000000,26591000000.0,115200000000.0,3000000000.0,,,6800821000000,1669065000000,,5131756000000,,50535000000,,745465000000.0
BGTG.JK,PT Bank Ganesha Tbk.,2018,1813000000.0,248574000000,5600000000.0,,2792000000.0,,,4497122000000,1126199000000,12920000000.0,3370923000000,,7413000000,,446922000000.0
BGTG.JK,PT Bank Ganesha Tbk.,2019,2685000000.0,221868000000,11841000000.0,,414000000.0,,,4809743000000,1140000000000,16280000000.0,3669743000000,,14526000000,,436930000000.0
BGTG.JK,PT Bank Ganesha Tbk.,2020,1804000000.0,211257000000,3198000000.0,,39817000000.0,,,5365456000000,1139125000000,7694000000.0,4226331000000,,5002000000,,238962000000.0
BGTG.JK,PT Bank Ganesha Tbk.,2021,3785000000.0,212934000000,10866000000.0,,32851000000.0,,,8575950000000,2148889000000,17307000000.0,6427061000000,,14651000000,,272280000000.0
BGTG.JK,PT Bank Ganesha Tbk.,2022,11381000000.0,348813000000,46043000000.0,,26704000000.0,,,8968132000000,3138762000000,63043000000.0,5829370000000,,57424000000,,1937046000000.0
BGTG.JK,PT Bank Ganesha Tbk.,2023,24819000000.0,502559000000,103965000000.0,43763000000.0,20990000000.0,,,9402309000000,3244202000000,,6158107000000,,128784000000,,2280157000000.0
BINA.JK,PT Bank Ina Perdana Tbk.,2018,5540000000.0,149719000000,11395000000.0,,79881000000.0,,,3854174000000,1208052000000,16935000000.0,2646122000000,,16935000000,,255168000000.0
BINA.JK,PT Bank Ina Perdana Tbk.,2019,2825000000.0,163566000000,7115000000.0,,8293000000.0,,,5262429000000,1221096000000,9940000000.0,4041333000000,,9940000000,,454052000000.0
BINA.JK,PT Bank Ina Perdana Tbk.,2020,9245000000.0,240729000000,19376000000.0,,69030000000.0,,,8437685000000,1217144000000,27643000000.0,7220541000000,,28621000000,,237810000000.0
BINA.JK,PT Bank Ina Perdana Tbk.,2021,10429000000.0,305635000000,39748000000.0,,70230000000.0,,,15055850000000,2373675000000,50315000000.0,12682175000000,,50177000000,,4919315000000.0
BINA.JK,PT Bank Ina Perdana Tbk.,2022,45805000000.0,588062000000,157048000000.0,,1544219000000.0,,,20552736000000,3288088000000,203482000000.0,17264648000000,,202853000000,,3705202000000.0
BINA.JK,PT Bank Ina Perdana Tbk.,2023,59655000000.0,794527000000,207876000000.0,71563000000.0,34390000000.0,,,24384580000000,3556158000000,,20828422000000,,267531000000,,4951383000000.0
BJBR.JK,Bank Pembangunan Daerah Jawa Barat dan Banten Tbk,2018,384648000000.0,7185409000000,1548249000000.0,,19124530000000.0,,,120191387000000,11285315000000,2068961000000.0,108906072000000,,1937044000000,,20068881000000.0
BJBR.JK,Bank Pembangunan Daerah Jawa Barat dan Banten Tbk,2019,413470000000.0,6841018000000,1558651000000.0,,18834590000000.0,,,123536474000000,12042629000000,2167648000000.0,111493845000000,,1977962000000,,15197534000000.0
BJBR.JK,Bank Pembangunan Daerah Jawa Barat dan Banten Tbk,2020,478032000000.0,7624370000000,1687218000000.0,,19204589000000.0,,,140934002000000,12005800000000,2216131000000.0,128928202000000,,2168028000000,,12189448000000.0
BJBR.JK,Bank Pembangunan Daerah Jawa Barat dan Banten Tbk,2021,568928000000.0,9232901000000,2031858000000.0,,20024493000000.0,,,158356097000000,13084033000000,2589438000000.0,145272064000000,,2587582000000,,22536754000000.0
BJBR.JK,Bank Pembangunan Daerah Jawa Barat dan Banten Tbk,2022,590336000000.0,9589942000000,2304376000000.0,,31076179000000.0,,,181241291000000,14745986000000,2854157000000.0,166495305000000,,2835618000000,,21721965000000.0
BJBR.JK,Bank Pembangunan Daerah Jawa Barat dan Banten Tbk,2023,445190000000.0,9280177000000,1778395000000.0,3530074000000.0,25480860000000.0,,,188295488000000,15449018000000,,172846470000000,,2126367000000,,19963190000000.0
BJTM.JK,Bank Pembangunan Daerah Jawa Timur Tbk,2018,493390000000.0,4024174000000,1260308000000.0,,2027370000000.0,,,62689118000000,8471936000000,1735490000000.0,54217182000000,,1753698000000,,11964638000000.0
BJTM.JK,Bank Pembangunan Daerah Jawa Timur Tbk,2019,487628000000.0,4395453000000,1376505000000.0,,5795770000000.0,,,76756313000000,9021558000000,1834067000000.0,67734755000000,,1864133000000,,11257303000000.0
BJTM.JK,Bank Pembangunan Daerah Jawa Timur Tbk,2020,18406000000.0,4419200000000,1488963000000.0,,3600601000000.0,,,83619452000000,10004950000000,1552167000000.0,73614502000000,,1507369000000,,6549917000000.0
BJTM.JK,Bank Pembangunan Daerah Jawa Timur Tbk,2021,414904000000.0,5067500000000,1523070000000.0,,4887621000000.0,,,100723330000000,10910539000000,1453933000000.0,89812791000000,,1937974000000,,15855377000000.0
BJTM.JK,Bank Pembangunan Daerah Jawa Timur Tbk,2022,487225000000.0,5396729000000,1542824000000.0,,7856970000000.0,,,103031367000000,11445861000000,1975691000000.0,91585506000000,,2030049000000,,13520002000000.0
BJTM.JK,Bank Pembangunan Daerah Jawa Timur Tbk,2023,422638000000.0,5573233000000,1470105000000.0,2652775000000.0,634820000000.0,,,103854773000000,12151069000000,,91703704000000,,1892743000000,,13691360000000.0
BKSW.JK,PT Bank QNB Indonesia Tbk,2018,11144000000.0,2176354000000,14568000000.0,,9897000000.0,,,20486926000000,4672060000000,25607000000.0,15814866000000,,25712000000,,2965176000000.0
BKSW.JK,PT Bank QNB Indonesia Tbk,2019,-1130000000.0,588453000000,5277000000.0,,1909303000000.0,,,23021785000000,4689564000000,-6480000000.0,18332221000000,,4147000000,,1149809000000.0
BKSW.JK,PT Bank QNB Indonesia Tbk,2020,142788000000.0,385356000000,-422168000000.0,,1612786000000.0,,,18297700000000,4112442000000,-279853000000.0,14185258000000,,-279380000000,,2238948000000.0
BKSW.JK,PT Bank QNB Indonesia Tbk,2021,94782000000.0,557175000000,-1578777000000.0,,1107659000000.0,,,17701527000000,4026548000000,-1483870000000.0,13674979000000,,-1483995000000,,2488864000000.0
BKSW.JK,PT Bank QNB Indonesia Tbk,2022,,704036000000,-400732000000.0,,1007302000000.0,,,16717087000000,4653419000000,-400810000000.0,12063668000000,,-400732000000,,1986049000000.0
BKSW.JK,PT Bank QNB Indonesia Tbk,2023,0.0,730308000000,69249000000.0,24445000000.0,106640000000.0,,,11753485000000,4691449000000,,7062036000000,,69249000000,,1820017000000.0
BMAS.JK,PT Bank Maspion Indonesia Tbk.,2018,24200000000.0,266170000000,71014000000.0,,463004000000.0,,,6694024000000,1200741000000,70074000000.0,5493283000000,,95214000000,,793607000000.0
BMAS.JK,PT Bank Maspion Indonesia Tbk.,2019,20693000000.0,277762000000,59747000000.0,,434476000000.0,,,7569580000000,1228932000000,83267000000.0,6340649000000,,80440000000,,470819000000.0
BMAS.JK,PT Bank Maspion Indonesia Tbk.,2020,22568000000.0,296602000000,66986000000.0,,494712000000.0,,,10110520000000,1284262000000,86707000000.0,8826258000000,,89555000000,,340606000000.0
BMAS.JK,PT Bank Maspion Indonesia Tbk.,2021,21380000000.0,333604000000,80162000000.0,,758506000000.0,,,14234359000000,1331211000000,100709000000.0,12903148000000,,101542000000,,516601000000.0
BMAS.JK,PT Bank Maspion Indonesia Tbk.,2022,36129000000.0,470033000000,114941000000.0,,728784000000.0,,,14956302000000,3152614000000,150306000000.0,11803688000000,,151070000000,,1188976000000.0
BMAS.JK,PT Bank Maspion Indonesia Tbk.,2023,20570480000.0,605729790000,,1644062580000.0,7700000.0,,,19665962970000,6722657520000,,12943305450000,,83823890000,,
BMRI.JK,PT Bank Mandiri (Persero) Tbk,2018,8091432000000.0,87863757000000,25015021000000.0,,104967588000000.0,,,1202389035000000,184960305000000,33945976000000.0,1017428730000000,,33943369000000,,87201675000000.0
BMRI.JK,PT Bank Mandiri (Persero) Tbk,2019,7985848000000.0,89948496000000,27482133000000.0,,104663997000000.0,,,1318504993000000,209034525000000,36260032000000.0,1109470468000000,,36441440000000,,95433748000000.0
BMRI.JK,PT Bank Mandiri (Persero) Tbk,2020,5993477000000.0,95737675000000,16799515000000.0,,101992699000000.0,,,1542875861000000,204699668000000,24510165000000.0,1338176193000000,,24392405000000,,146119757000000.0
BMRI.JK,PT Bank Mandiri (Persero) Tbk,2021,7807324000000.0,111443758000000,28028155000000.0,,116449094000000.0,,,1725851472000000,222111282000000,38468678000000.0,1503740190000000,,38358421000000,,162244752000000.0
BMRI.JK,PT Bank Mandiri (Persero) Tbk,2022,11425358000000.0,126528041000000,41170637000000.0,,149288508000000.0,,,1992678508000000,252245455000000,56244079000000.0,1740433053000000,,56377726000000,,211143835000000.0
BMRI.JK,PT Bank Mandiri (Persero) Tbk,2023,14633011000000.0,123235528000000,55060057000000.0,26431740000000.0,134256299999999.0,,,2174219449000000,287494962000000,,1886724487000000,,74684881000000,,219066407000000.0
BNBA.JK,Bank Bumi Arta Tbk,2018,33625000000.0,356888000000,92898000000.0,,3244000000.0,,,7297273000000,1494755000000,126221000000.0,5802519000000,,126523000000,,1231368000000.0
BNBA.JK,Bank Bumi Arta Tbk,2019,19661000000.0,327068000000,51168000000.0,,2860000000.0,,,7607654000000,1523656000000,70834000000.0,6083998000000,,70829000000,,444967000000.0
BNBA.JK,Bank Bumi Arta Tbk,2020,18418000000.0,302967000000,35053000000.0,,3966000000.0,,,7637524000000,1509386000000,52333000000.0,6128138000000,,53471000000,,744368000000.0
BNBA.JK,Bank Bumi Arta Tbk,2021,14123000000.0,303642000000,42675000000.0,,3459000000.0,,,8664310000000,2241621000000,63655000000.0,6422689000000,,56798000000,,1379044000000.0
BNBA.JK,Bank Bumi Arta Tbk,2022,11427000000.0,363866000000,38939000000.0,,3625000000.0,,,8211292000000,3076774000000,52314000000.0,5134518000000,,50366000000,,1091774000000.0
BNBA.JK,Bank Bumi Arta Tbk,2023,12880780000.0,370121290000,44365910000.0,44898000000.0,31640000000.0,,,7991554510000,3121955070000,,4869599440000,,57246690000,,1160154280000.0
BNGA.JK,PT Bank CIMB Niaga Tbk,2018,1368390000000.0,15838983000000,3482304000000.0,,24077683000000.0,,,266781498000000,39580579000000,4805544000000.0,227200919000000,,4850818000000,,23506478000000.0
BNGA.JK,PT Bank CIMB Niaga Tbk,2019,1310962000000.0,16826046000000,3645154000000.0,,23806623000000.0,,,274467227000000,43294166000000,4934332000000.0,231173061000000,,4953897000000,,28083326000000.0
BNGA.JK,PT Bank CIMB Niaga Tbk,2020,936166000000.0,16358525000000,2012401000000.0,,19506024000000.0,,,280943605000000,41053051000000,3005392000000.0,239890554000000,,2947420000000,,24279721000000.0
BNGA.JK,PT Bank CIMB Niaga Tbk,2021,1092494000000.0,16638088000000,4100340000000.0,,12304003000000.0,,,310786960000000,43388358000000,4965439000000.0,267398602000000,,5191098000000,,43423706000000.0
BNGA.JK,PT Bank CIMB Niaga Tbk,2022,1482561000000.0,16914163000000,5041781000000.0,,14173542000000.0,,,306754299000000,45276263000000,6568808000000.0,261478036000000,,6579332000000,,28927122000000.0
BNGA.JK,PT Bank CIMB Niaga Tbk,2023,1805871000000.0,18761469000000,6474195000000.0,3928446000000.0,8831170000000.0,,,334369233000000,49337371000000,,285031862000000,,8357272000000,,20416508000000.0
BNII.JK,PT Bank Maybank Indonesia Tbk,2018,773332000000.0,10060739000000,2194576000000.0,,27875789000000.0,,,177532858000000,25090691000000,3038586000000.0,152442167000000,,3035577000000,,12699544000000.0
BNII.JK,PT Bank Maybank Indonesia Tbk,2019,674914000000.0,10547336000000,1842520000000.0,,24950443000000.0,,,169082830000000,26684916000000,2589776000000.0,142397914000000,,2599094000000,,13761079000000.0
BNII.JK,PT Bank Maybank Indonesia Tbk,2020,534253000000.0,9493966000000,1266348000000.0,,24050535000000.0,,,173224412000000,27223630000000,1863743000000.0,146000782000000,,1818645000000,,18103207000000.0
BNII.JK,PT Bank Maybank Indonesia Tbk,2021,501734000000.0,9052981000000,1666316000000.0,,18859184000000.0,,,168712977000000,28886439000000,2201994000000.0,139826538000000,,2202662000000,,20513682000000.0
BNII.JK,PT Bank Maybank Indonesia Tbk,2022,507015000000.0,8859648000000,1471070000000.0,,19390156000000.0,,,160813918000000,29533950000000,2058296000000.0,131279968000000,,2040226000000,,13705576000000.0
BNII.JK,PT Bank Maybank Indonesia Tbk,2023,536924000000.0,9167797000000,1743406000000.0,1570030000000.0,12602140000000.0,,,171803070000000,30796030000000,,141007040000000,,2354674000000,,12838870000000.0
BNLI.JK,Bank Permata Tbk,2018,317975000000.0,7167194000000,901251000000.0,,7261929000000.0,,,152892866000000,22451936000000,901579000000.0,130440930000000,,1219227000000,,11086566000000.0
BNLI.JK,Bank Permata Tbk,2019,519687000000.0,7898762000000,1500420000000.0,,9978211000000.0,,,161477316000000,24037351000000,1937206000000.0,137439965000000,,2020107000000,,11519479000000.0
BNLI.JK,Bank Permata Tbk,2020,893762000000.0,8941712000000,721587000000.0,,12054004000000.0,,,197726097000000,35071453000000,1628650000000.0,162654644000000,,1615349000000,,24581600000000.0
BNLI.JK,Bank Permata Tbk,2021,334394000000.0,9837729000000,1231127000000.0,,12571946000000.0,,,234486163000000,36613715000000,1438993000000.0,197872448000000,,1565521000000,,40195295000000.0
BNLI.JK,Bank Permata Tbk,2022,600600000000.0,10587788000000,2013413000000.0,,13819946000000.0,,,255124274000000,37617289000000,2632120000000.0,217506985000000,,2621596000000,,54472177000000.0
BNLI.JK,Bank Permata Tbk,2023,764902000000.0,11822847000000,2585218000000.0,1756619000000.0,10279300000000.0,,,257444147000000,39992322000000,,217451825000000,,3350120000000,,35032961000000.0
BRIS.JK,PT Bank Syariah Indonesia Tbk,2018,44914000000.0,1977389000000,106600000000.0,,3651109000000.0,,,37869177000000,5026640000000,154946000000.0,32842537000000,,151514000000,,6061601000000.0
BRIS.JK,PT Bank Syariah Indonesia Tbk,2019,42849000000.0,2304511000000,74016000000.0,,3457801000000.0,,,43123488000000,5088036000000,115714000000.0,38035452000000,,116865000000,,4863380000000.0
BRIS.JK,PT Bank Syariah Indonesia Tbk,2020,891750000000.0,14162466000000,2187649000000.0,,2362487000000.0,,,239581524000000,21743145000000,3110791000000.0,217838379000000,,3079399000000,,24708672000000.0
BRIS.JK,PT Bank Syariah Indonesia Tbk,2021,1034003000000.0,15680033000000,3028205000000.0,,1780039000000.0,,,265289081000000,25013934000000,4101764000000.0,240275147000000,,4062208000000,,24683483000000.0
BRIS.JK,PT Bank Syariah Indonesia Tbk,2022,1396026000000.0,18277904000000,4260182000000.0,,4538074000000.0,,,305727438000000,33505610000000,5640176000000.0,272221828000000,,5656208000000,,36729927000000.0
BRIS.JK,PT Bank Syariah Indonesia Tbk,2023,1885459000000.0,18719311000000,5703743000000.0,5255841000000.0,1104270000000.0,,,353624124000000,38739121000000,,314885003000000,,7589202000000,,34744506000000.0
BSIM.JK,Bank Sinarmas Tbk,2018,25391000000.0,2814836000000,50472000000.0,,871976000000.0,,,30763990000000,4856420000000,1138955000000.0,25907570000000,,75863000000,,4076084000000.0
BSIM.JK,Bank Sinarmas Tbk,2019,75141000000.0,3212412000000,6752000000.0,,1568472000000.0,,,36559556000000,6074463000000,1135625000000.0,30485093000000,,81893000000,,3576609000000.0
BSIM.JK,Bank Sinarmas Tbk,2020,-1922000000.0,3216885000000,118522000000.0,,1178691000000.0,,,44612045000000,6056844000000,-519272000000.0,38555201000000,,116600000000,,4058106000000.0
BSIM.JK,Bank Sinarmas Tbk,2021,31770000000.0,3316406000000,127748000000.0,,178247000000.0,,,52671981000000,7359416000000,141154000000.0,45312565000000,,159518000000,,12301586000000.0
BSIM.JK,Bank Sinarmas Tbk,2022,56051000000.0,3289756000000,221160000000.0,,623298000000.0,,,47350601000000,7285008000000,276920000000.0,40065593000000,,277211000000,,8583718000000.0
BSIM.JK,Bank Sinarmas Tbk,2023,-2218000000.0,3480724000000,,15330226000000.0,633910000.0,,,52634996000000,7826768000000,,44808228000000,,73578000000,,
BSWD.JK,Bank of India Indonesia Tbk,2018,741000000.0,159651000000,9880000000.0,,280631000000.0,,,3896760000000,1130232000000,15318000000.0,2766528000000,,10620000000,,242964000000.0
BSWD.JK,Bank of India Indonesia Tbk,2019,-7854000000.0,152289000000,30952000000.0,,265267000000.0,,,4007413000000,1163069000000,20652000000.0,2844343000000,,23098000000,,569431000000.0
BSWD.JK,Bank of India Indonesia Tbk,2020,89463000000.0,96521000000,-70582000000.0,,130990000000.0,,,3721363000000,1057670000000,17236000000.0,2663694000000,,18881000000,,199227000000.0
BSWD.JK,Bank of India Indonesia Tbk,2021,1602000000.0,98934000000,-44051000000.0,,143437000000.0,,,4255494000000,2018746000000,-40531000000.0,2236747000000,,-42449000000,,287912000000.0
BSWD.JK,Bank of India Indonesia Tbk,2022,-9729000000.0,144367000000,16590000000.0,,265093000000.0,,,6060046000000,3332242000000,1600000000.0,2727804000000,,6861000000,,280456000000.0
BSWD.JK,Bank of India Indonesia Tbk,2023,9971070000.0,264084940000,48831390000.0,11454170000.0,130000000.0,,,6128562060000,3378441000000,,2750121060000,,58802460000,,426345360000.0
BTPN.JK,PT Bank BTPN Tbk,2018,791364000000.0,10023290000000,1838471000000.0,,9654601000000.0,,,101341224000000,18786330000000,2947756000000.0,82554894000000,,2919428000000,,11328488000000.0
BTPN.JK,PT Bank BTPN Tbk,2019,1026504000000.0,12405020000000,2572528000000.0,,58910444000000.0,,,181631385000000,31471928000000,4032475000000.0,150159457000000,,4018922000000,,20126017000000.0
BTPN.JK,PT Bank BTPN Tbk,2020,627399000000.0,12126880000000,1749293000000.0,,45308156000000.0,,,183165978000000,32964753000000,2630337000000.0,150201225000000,,2633076000000,,25005032000000.0
BTPN.JK,PT Bank BTPN Tbk,2021,902957000000.0,12885735000000,2664714000000.0,,42990078000000.0,,,191917794000000,36078927000000,4008365000000.0,155838867000000,,4007172000000,,10243323000000.0
BTPN.JK,PT Bank BTPN Tbk,2022,1027755000000.0,13405143000000,3095701000000.0,,37470254000000.0,,,209169704000000,39413024000000,4658157000000.0,169756680000000,,4657319000000,,12261605000000.0
BTPN.JK,PT Bank BTPN Tbk,2023,775198000000.0,13381450000000,2358334000000.0,1428683000000.0,35001949999999.0,,,201448392000000,41283104000000,,160165288000000,,3457682000000,,19200481000000.0
BTPS.JK,PT Bank BTPN Syariah Tbk.,2018,333708000000.0,3077861000000,965311000000.0,,,,,12039275000000,3996932000000,1301743000000.0,8042343000000,,1299019000000,,1924135000000.0
BTPS.JK,PT Bank BTPN Syariah Tbk.,2019,478615000000.0,3936641000000,1399634000000.0,,,,,15383038000000,5393320000000,1881064000000.0,9989718000000,,1878249000000,,3819735000000.0
BTPS.JK,PT Bank BTPN Syariah Tbk.,2020,269682000000.0,3549123000000,854614000000.0,,292939000000.0,,,16435005000000,5878749000000,1119640000000.0,10556256000000,,1124296000000,,4089296000000.0
BTPS.JK,PT Bank BTPN Syariah Tbk.,2021,412468000000.0,4283458000000,1465005000000.0,,80608000000.0,,,18543856000000,7094900000000,1880030000000.0,11448956000000,,1877473000000,,1931427000000.0
BTPS.JK,PT Bank BTPN Syariah Tbk.,2022,502814000000.0,5043638000000,1779543000000.0,,167746000000.0,,,21161976000000,8407995000000,2280452000000.0,12753981000000,,2282394000000,,1461270000000.0
BTPS.JK,PT Bank BTPN Syariah Tbk.,2023,299306000000.0,5264738000000,,1505715000000.0,53790000.0,,,21435366000000,8777133000000,,12658233000000,,1379894000000,,
BVIC.JK,Bank Victoria International Tbk,2018,14278000000.0,715621000000,79082000000.0,,4831885000000.0,,,30172315000000,2806025000000,135065000000.0,27366290000000,,93360000000,,1738736000000.0
BVIC.JK,Bank Victoria International Tbk,2019,-10961000000.0,567062000000,-13765000000.0,,3870946000000.0,,,30456459000000,2986455000000,-23275000000.0,27470004000000,,-24725000000,,1950292000000.0
BVIC.JK,Bank Victoria International Tbk,2020,-46039000000.0,543562000000,-252194000000.0,,3630727000000.0,,,26221407000000,2644375000000,-273310000000.0,23577032000000,,-298233000000,,1117271000000.0
BVIC.JK,Bank Victoria International Tbk,2021,-31805000000.0,595537000000,-119064000000.0,,2451325000000.0,,,24947143000000,3014425000000,-129855000000.0,21932718000000,,-150868000000,,882018000000.0
BVIC.JK,Bank Victoria International Tbk,2022,130757000000.0,715892000000,226173000000.0,,2660822000000.0,,,25932001000000,3700463000000,411868000000.0,22231538000000,,356931000000,,2388354000000.0
BVIC.JK,Bank Victoria International Tbk,2023,27719890000.0,661132600000,101816340000.0,92820860000.0,2186949999999.0,,,29624240420000,3824785010000,,25799455410000,,129536230000,,2705068350000.0
DNAR.JK,PT Bank Oke Indonesia Tbk.,2018,3357000000.0,255980000000,26028000000.0,,960950000000.0,,,4535870000000,1590890000000,31139000000.0,2944980000000,,29384000000,,305151000000.0
DNAR.JK,PT Bank Oke Indonesia Tbk.,2019,4877000000.0,211651000000,-16922000000.0,,699913000000.0,,,5108848000000,2021828000000,-11409000000.0,3087020000000,,-12045000000,,201225000000.0
DNAR.JK,PT Bank Oke Indonesia Tbk.,2020,10547000000.0,276327000000,7875000000.0,,484418000000.0,,,6275182000000,2521927000000,19635000000.0,3753255000000,,18422000000,,453003000000.0
DNAR.JK,PT Bank Oke Indonesia Tbk.,2021,8368000000.0,334450000000,17460000000.0,,585799000000.0,,,7721344000000,3039706000000,26509000000.0,4681638000000,,25828000000,,499478000000.0
DNAR.JK,PT Bank Oke Indonesia Tbk.,2022,6076000000.0,460933000000,13210000000.0,,1109347000000.0,,,10183411000000,3552360000000,18962000000.0,6631052000000,,19286000000,,607481000000.0
DNAR.JK,PT Bank Oke Indonesia Tbk.,2023,8420170000.0,600321010000,28651780000.0,17163560000.0,559850000000.0,,,11075151080000,3584485520000,,7490665570000,,37071950000,,1015524160000.0
INPC.JK,Bank Artha Graha Internasional Tbk,2018,20715000000.0,1271760000000,53621000000.0,,399017000000.0,,,26025188000000,4587111000000,86114000000.0,21438077000000,,74336000000,,3834757000000.0
INPC.JK,Bank Artha Graha Internasional Tbk,2019,-17994000000.0,1032758000000,-58345000000.0,,9409000000.0,,,25532041000000,4536235000000,-72015000000.0,20995806000000,,-76339000000,,3241302000000.0
INPC.JK,Bank Artha Graha Internasional Tbk,2020,9051000000.0,746966000000,21372000000.0,,321613000000.0,,,30526965000000,3559535000000,61870000000.0,26967430000000,,30423000000,,2310129000000.0
INPC.JK,Bank Artha Graha Internasional Tbk,2021,-35397000000.0,1073805000000,-168063000000.0,,218117000000.0,,,26127820000000,3953949000000,-202243000000.0,22173871000000,,-203460000000,,2482622000000.0
INPC.JK,Bank Artha Graha Internasional Tbk,2022,14144000000.0,1115714000000,54997000000.0,,218641000000.0,,,25437633000000,4004370000000,63001000000.0,21433263000000,,69141000000,,3781614000000.0
INPC.JK,Bank Artha Graha Internasional Tbk,2023,36604000000.0,1291158000000,146753000000.0,369134000000.0,200000000000.0,,,26103611000000,4171033000000,,21932578000000,,183357000000,,3707648000000.0
MASB.JK,PT Bank Multiarta Sentosa Tbk,2019,40969105311.0,481924173174,117911141906.0,,0.0,,,14412875999590,1663999501948,,12748876497642,,158880247217,,
MASB.JK,PT Bank Multiarta Sentosa Tbk,2020,51026684539.0,467168935458,108191656140.0,,11162512377.0,,,21537936008109,1889840264160,,19648095743949,,159218340679,,
MASB.JK,PT Bank Multiarta Sentosa Tbk,2021,59224949816.0,695490771176,213129172158.0,,11635350165.0,,,23203123481350,2701057828826,,20502065652524,,272354121974,,
MASB.JK,PT Bank Multiarta Sentosa Tbk,2022,89624797570.0,799125176107,304602238519.0,,6588672281.0,,,21271327194429,3418111613917,,17853215580512,,394227036089,,
MASB.JK,PT Bank Multiarta Sentosa Tbk,2023,56131321086.0,829090227880,243856768977.0,,17698709672.0,,,27386506766798,3682511096003,,23703995670795,,299988090063,,
MAYA.JK,PT Bank Mayapada Internasional Tbk,2018,163518000000.0,3035508000000,437412000000.0,,3450957000000.0,,,86971893000000,10788574000000,600236000000.0,76183319000000,,600930000000,,11904335000000.0
MAYA.JK,PT Bank Mayapada Internasional Tbk,2019,186574000000.0,2990118000000,528114000000.0,,2741134000000.0,,,93408831000000,12341969000000,738088000000.0,81066862000000,,714688000000,,7895978000000.0
MAYA.JK,PT Bank Mayapada Internasional Tbk,2020,40284000000.0,238579000000,64164000000.0,,6250931000000.0,,,92518025000000,12914476000000,106356000000.0,79603549000000,,104448000000,,9343807000000.0
MAYA.JK,PT Bank Mayapada Internasional Tbk,2021,28084000000.0,467493000000,44127000000.0,,5472378000000.0,,,119104185000000,13978280000000,118458000000.0,105125905000000,,72211000000,,15147350000000.0
MAYA.JK,PT Bank Mayapada Internasional Tbk,2022,27790000000.0,1901874000000,25997000000.0,,4819450000000.0,,,135382812000000,13856660000000,80717000000.0,121526152000000,,53787000000,,18201518000000.0
MAYA.JK,PT Bank Mayapada Internasional Tbk,2023,32506000000.0,1984032000000,22103000000.0,322334000000.0,2658240000000.0,,,141488996000000,15867617000000,,125621379000000,,54609000000,,17468843000000.0
MCOR.JK,PT Bank China Construction Bank Indonesia Tbk,2018,45758000000.0,661890000000,89860000000.0,,94993000000.0,,,15992475000000,2516158000000,128567000000.0,13476317000000,,135618000000,,1444370000000.0
MCOR.JK,PT Bank China Construction Bank Indonesia Tbk,2019,33369000000.0,621279000000,78967000000.0,,2948788000000.0,,,18893684000000,2794858000000,114488000000.0,16098826000000,,112336000000,,1358824000000.0
MCOR.JK,PT Bank China Construction Bank Indonesia Tbk,2020,13724000000.0,623425000000,49979000000.0,,465598000000.0,,,25235573000000,6016716000000,57056000000.0,19218857000000,,63703000000,,996626000000.0
MCOR.JK,PT Bank China Construction Bank Indonesia Tbk,2021,24622000000.0,782737000000,79392000000.0,,520624000000.0,,,26194548000000,6081204000000,108928000000.0,20113344000000,,104014000000,,1368709000000.0
MCOR.JK,PT Bank China Construction Bank Indonesia Tbk,2022,39783000000.0,867628000000,135959000000.0,,543726000000.0,,,25022953000000,6199237000000,170654000000.0,18823716000000,,175742000000,,2322916000000.0
MCOR.JK,PT Bank China Construction Bank Indonesia Tbk,2023,68510000000.0,1026053000000,241291000000.0,212839000000.0,464720000000.0,,,27851946000000,6540557000000,,21311389000000,,309801000000,,1736696000000.0
MEGA.JK,Bank Mega Tbk,2018,402674000000.0,5549070000000,1599347000000.0,,7391146000000.0,,,83868016000000,13782673000000,1970265000000.0,70085343000000,,2002021000000,,5006235000000.0
MEGA.JK,Bank Mega Tbk,2019,505678000000.0,5976023000000,2002733000000.0,,10095593000000.0,,,100867434000000,15541438000000,2565695000000.0,85325996000000,,2508411000000,,5381789000000.0
MEGA.JK,Bank Mega Tbk,2020,706742000000.0,6826299000000,3008311000000.0,,13032269000000.0,,,112244239000000,18208150000000,3754686000000.0,94036089000000,,3715053000000,,6070391000000.0
MEGA.JK,Bank Mega Tbk,2021,944565000000.0,7984880000000,4008051000000.0,,13480533000000.0,,,132938014000000,19144464000000,4960188000000.0,113793550000000,,4952616000000,,16838244000000.0
MEGA.JK,Bank Mega Tbk,2022,975392000000.0,8364938000000,4052678000000.0,,16740016000000.0,,,141887839000000,20633680000000,5001508000000.0,121254159000000,,5028070000000,,18757778000000.0
MEGA.JK,Bank Mega Tbk,2023,832059000000.0,7215562000000,3510670000000.0,11674955000000.0,2979220000.0,,,132049591000000,21755443000000,,110294148000000,,4342729000000,,7677655000000.0
NISP.JK,PT Bank OCBC NISP Tbk,2018,847770000000.0,7783362000000,2638064000000.0,,15351242000000.0,,,173582894000000,24428254000000,3488572000000.0,149154640000000,,3485834000000,,13871146000000.0
NISP.JK,PT Bank OCBC NISP Tbk,2019,952196000000.0,8333066000000,2939241000000.0,,19611222000000.0,,,180706987000000,27664803000000,3910064000000.0,153042184000000,,3891439000000,,13505162000000.0
NISP.JK,PT Bank OCBC NISP Tbk,2020,683184000000.0,9194039000000,2101670000000.0,,8490154000000.0,,,206297200000000,29829316000000,2768263000000.0,176467884000000,,2784855000000,,3373733000000.0
NISP.JK,PT Bank OCBC NISP Tbk,2021,684173000000.0,9717956000000,2519574000000.0,,5419080000000.0,,,214395608000000,32327571000000,3203013000000.0,182068037000000,,3203792000000,,7996397000000.0
NISP.JK,PT Bank OCBC NISP Tbk,2022,891086000000.0,10594553000000,3326917000000.0,,18504300000000.0,,,238498560000000,34211035000000,4215391000000.0,204287525000000,,4218016000000,,12630128000000.0
NISP.JK,PT Bank OCBC NISP Tbk,2023,1093420000000.0,11316512000000,4091028000000.0,972535000000.0,2919010000000.0,,,249757139000000,37320268000000,,212436871000000,,5184463000000,,9778831000000.0
NOBU.JK,PT Bank Nationalnobu Tbk.,2018,-1304000000.0,519739000000,44748000000.0,,1526332000000.0,,,11793981000000,1414377000000,43715000000.0,10379604000000,,43444000000,,2630414000000.0
NOBU.JK,PT Bank Nationalnobu Tbk.,2019,18211000000.0,530700000000,45794000000.0,,2466205000000.0,,,13147503000000,1464417000000,62591000000.0,11683086000000,,64005000000,,796331000000.0
NOBU.JK,PT Bank Nationalnobu Tbk.,2020,17672000000.0,527291000000,53607000000.0,,2254497000000.0,,,13737934000000,1519854000000,71233000000.0,12218080000000,,71279000000,,438914000000.0
NOBU.JK,PT Bank Nationalnobu Tbk.,2021,21808000000.0,588714000000,64186000000.0,,2674454000000.0,,,20742643000000,1764683000000,86910000000.0,18977960000000,,85994000000,,1028783000000.0
NOBU.JK,PT Bank Nationalnobu Tbk.,2022,30288000000.0,729972000000,103845000000.0,,4844955000000.0,,,22116366000000,1872600000000,137237000000.0,20243766000000,,134133000000,,2854309000000.0
NOBU.JK,PT Bank Nationalnobu Tbk.,2023,43994000000.0,890132000000,141536000000.0,157297000000.0,5130000000.0,,,26622352000000,3335015000000,,23287337000000,,185530000000,,3357320000000.0
PNBN.JK,Bank Pan Indonesia Tbk,2018,1385622000000.0,10033065000000,3112580000000.0,,22623635000000.0,,,207204418000000,40747117000000,4432638000000.0,166457301000000,,4572779000000,,11419465000000.0
PNBN.JK,Bank Pan Indonesia Tbk,2019,1097318000000.0,10288021000000,3316841000000.0,,29699631000000.0,,,211287370000000,44441714000000,4660062000000.0,166845656000000,,4595617000000,,11467326000000.0
PNBN.JK,Bank Pan Indonesia Tbk,2020,947587000000.0,11533150000000,3103248000000.0,,22303231000000.0,,,218067091000000,47460332000000,3952914000000.0,170606759000000,,4071792000000,,5161642000000.0
PNBN.JK,Bank Pan Indonesia Tbk,2021,697360000000.0,12015931000000,2063473000000.0,,17763372000000.0,,,204462542000000,48547747000000,2483206000000.0,155914795000000,,2514336000000,,4881847000000.0
PNBN.JK,Bank Pan Indonesia Tbk,2022,815883000000.0,11239638000000,3041676000000.0,,15605774000000.0,,,212431881000000,50716094000000,3863124000000.0,161715787000000,,4088893000000,,9767579000000.0
PNBN.JK,Bank Pan Indonesia Tbk,2023,770190000000.0,10446310000000,2531895000000.0,1297547000000.0,6502650000000.0,,,222010050000000,53312485000000,,168697565000000,,3775726000000,,15203792000000.0
PNBS.JK,PT Bank Panin Dubai Syariah Tbk.,2018,624000000.0,196862000000,20788000000.0,,103749000000.0,,,8771058000000,1668466000000,27583000000.0,7102592000000,,21412000000,,1349697000000.0
PNBS.JK,PT Bank Panin Dubai Syariah Tbk.,2019,8989000000.0,161139000000,13237000000.0,,653840000000.0,,,11135825000000,1694566000000,17432000000.0,9441259000000,,22226000000,,1517448000000.0
PNBS.JK,PT Bank Panin Dubai Syariah Tbk.,2020,6610000000.0,142599000000,128000000.0,,6894000000.0,,,11302082000000,3115653000000,-951000000.0,8186429000000,,6738000000,,1163218000000.0
PNBS.JK,PT Bank Panin Dubai Syariah Tbk.,2021,-212000000.0,400956000000,-818112000000.0,,9231000000.0,,,14426005000000,2301945000000,-817546000000.0,12124060000000,,-818324000000,,1702000000000.0
PNBS.JK,PT Bank Panin Dubai Syariah Tbk.,2022,4001000000.0,547145000000,250532000000.0,,458854000000.0,,,14791738000000,2505404000000,253849000000.0,12286334000000,,254533000000,,1210182000000.0
PNBS.JK,PT Bank Panin Dubai Syariah Tbk.,2023,9988780000.0,516573900000,244690470000.0,18014090000.0,13510000000.0,,,17343246870000,2788522920000,,14554723940000,,254679240000,,2119682519999.0
SDRA.JK,PT Bank Woori Saudara Indonesia 1906 Tbk,2018,196752000000.0,1547491000000,537971000000.0,,6941781000000.0,,,29631693000000,6550468000000,729736000000.0,23081225000000,,734723000000,,2864011000000.0
SDRA.JK,PT Bank Woori Saudara Indonesia 1906 Tbk,2019,173075000000.0,1444909000000,499791000000.0,,9799950000000.0,,,36940436000000,6935590000000,671927000000.0,30004846000000,,672866000000,,4876639000000.0
SDRA.JK,PT Bank Woori Saudara Indonesia 1906 Tbk,2020,156053000000.0,1503443000000,536001000000.0,,11070893000000.0,,,38053939000000,7270971000000,691402000000.0,30782968000000,,692054000000,,2411022000000.0
SDRA.JK,PT Bank Woori Saudara Indonesia 1906 Tbk,2021,191482000000.0,1740955000000,629170000000.0,,9767359000000.0,,,43801571000000,9257191000000,819706000000.0,34544380000000,,820650000000,,3696353000000.0
SDRA.JK,PT Bank Woori Saudara Indonesia 1906 Tbk,2022,252884000000.0,2242500000000,860571000000.0,,11943261000000.0,,,51499424000000,9930753000000,1113093000000.0,41568671000000,,1113455000000,,4110705000000.0
SDRA.JK,PT Bank Woori Saudara Indonesia 1906 Tbk,2023,210237000000.0,1903234000000,697864000000.0,509076000000.0,11903930000000.0,,,54822181000000,10273082000000,,44549099000000,,908101000000,,3962171000000.0
